loan_id,reporting_month,prob_next_3m_delinquency_flag,prob_next_6m_delinquency_flag,prob_next_12m_default_flag,prob_next_12m_prepayment_flag,next_state,exception_type,anomaly_score,top_drivers,action,confidence
T_0000,2023-01-19,0.12844036519527435,0.13636364042758942,0.0024038462433964014,0.0,Current,None,0.4414627715089626,"['current_balance_lag3', 'balance_to_original', 'original_balance', 'current_balance_roll3_avg', 'credit_score_band_enc']",Monitor,0.8117074456982075
T_0000,2023-02-18,0.07692307978868484,0.13636364042758942,0.0024038462433964014,0.0,Current,None,0.5174334342979227,"['current_balance_lag3', 'balance_to_original', 'original_balance', 'current_balance_roll3_avg', 'credit_score_band_enc']",Monitor,0.7965133131404155
T_0000,2023-03-20,0.07692307978868484,0.0717703327536583,0.0024038462433964014,0.0,Current,None,0.6082497204471705,"['current_balance_lag3', 'balance_to_original', 'original_balance', 'current_balance_roll3_avg', 'credit_score_band_enc']",Monitor,0.7783500559105659
T_0000,2023-04-19,0.0416666679084301,0.0717703327536583,0.0024038462433964014,0.0,Current,None,0.6023452103335681,"['current_balance_lag3', 'balance_to_original', 'original_balance', 'current_balance_roll3_avg', 'credit_score_band_enc']",Monitor,0.7795309579332864
T_0000,2023-05-19,0.019999999552965164,0.0717703327536583,0.009345795027911663,0.0,Current,None,0.24650646363798243,"['current_balance_lag3', 'balance_to_original', 'original_balance', 'current_balance_roll3_avg', 'credit_score_band_enc']",Monitor,0.8506987072724035
T_0000,2023-06-18,0.019999999552965164,0.0717703327536583,0.0024038462433964014,0.0,Current,None,0.610026467801792,"['current_balance_lag3', 'balance_to_original', 'original_balance', 'current_balance_roll3_avg', 'credit_score_band_enc']",Monitor,0.7779947064396416
T_0001,2023-06-14,0.1525423675775528,0.13636364042758942,0.0024038462433964014,0.0,Current,None,0.7335818690221355,"['current_balance_lag3', 'balance_to_original', 'original_balance', 'current_balance_roll3_avg', 'credit_score_band_enc']",Monitor,0.7532836261955729
T_0001,2023-07-14,0.1525423675775528,0.13636364042758942,0.0024038462433964014,0.0,Current,None,0.8318736982661026,"['current_balance_lag3', 'balance_to_original', 'original_balance', 'current_balance_roll3_avg', 'credit_score_band_enc']",Review,0.7336252603467794
T_0001,2023-08-13,0.1525423675775528,0.0717703327536583,0.0024038462433964014,0.0,Current,None,0.8536541565590166,"['current_balance_lag3', 'balance_to_original', 'original_balance', 'current_balance_roll3_avg', 'credit_score_band_enc']",Review,0.7292691686881967
T_0001,2023-09-12,0.1525423675775528,0.13636364042758942,0.0024038462433964014,0.0,Current,None,0.5897782621373927,"['current_balance_lag3', 'balance_to_original', 'original_balance', 'current_balance_roll3_avg', 'credit_score_band_enc']",Monitor,0.7820443475725215
T_0001,2023-10-12,0.07692307978868484,0.13636364042758942,0.0024038462433964014,0.0,Current,None,0.17437096104560812,"['current_balance_lag3', 'balance_to_original', 'original_balance', 'current_balance_roll3_avg', 'credit_score_band_enc']",Monitor,0.8651258077908784
T_0001,2023-11-11,0.12844036519527435,0.0717703327536583,0.009345795027911663,0.0,Current,None,0.9332962345730984,"['current_balance_lag3', 'balance_to_original', 'original_balance', 'current_balance_roll3_avg', 'credit_score_band_enc']",Review,0.7133407530853804
T_0002,2023-03-26,0.12844036519527435,0.0717703327536583,0.0024038462433964014,0.0,Current,None,0.6486105219921791,"['current_balance_lag3', 'balance_to_original', 'original_balance', 'current_balance_roll3_avg', 'credit_score_band_enc']",Monitor,0.7702778956015642
T_0002,2023-04-25,0.1525423675775528,0.0717703327536583,0.0024038462433964014,0.0,Current,None,0.7519502891181253,"['current_balance_lag3', 'balance_to_original', 'original_balance', 'current_balance_roll3_avg', 'credit_score_band_enc']",Monitor,0.7496099421763749
T_0002,2023-05-25,0.1525423675775528,0.13636364042758942,0.0024038462433964014,0.0,Current,None,0.7959407718632354,"['current_balance_lag3', 'balance_to_original', 'original_balance', 'current_balance_roll3_avg', 'credit_score_band_enc']",Monitor,0.7408118456273529
T_0002,2023-06-24,0.12844036519527435,0.13636364042758942,0.0024038462433964014,0.0,Current,None,0.8376699380159244,"['current_balance_lag3', 'balance_to_original', 'original_balance', 'current_balance_roll3_avg', 'credit_score_band_enc']",Review,0.7324660123968152
T_0002,2023-07-24,0.1525423675775528,0.13636364042758942,0.0024038462433964014,0.0,Current,None,0.8684979503192058,"['current_balance_lag3', 'balance_to_original', 'original_balance', 'current_balance_roll3_avg', 'credit_score_band_enc']",Review,0.7263004099361589
T_0002,2023-08-23,0.12844036519527435,0.13636364042758942,0.009345795027911663,0.0,Current,None,0.8804344893425533,"['current_balance_lag3', 'balance_to_original', 'original_balance', 'current_balance_roll3_avg', 'credit_score_band_enc']",Review,0.7239131021314893
T_0003,2023-01-08,0.12844036519527435,0.13636364042758942,0.0024038462433964014,0.0,Current,None,0.6269431919721903,"['current_balance_lag3', 'balance_to_original', 'original_balance', 'current_balance_roll3_avg', 'credit_score_band_enc']",Monitor,0.774611361605562
T_0003,2023-02-07,0.1525423675775528,0.13636364042758942,0.0024038462433964014,0.0,Current,None,0.7247972577738103,"['current_balance_lag3', 'balance_to_original', 'original_balance', 'current_balance_roll3_avg', 'credit_score_band_enc']",Monitor,0.7550405484452379
T_0003,2023-03-09,0.12844036519527435,0.13636364042758942,0.0024038462433964014,0.0,Current,None,0.8090771208371021,"['current_balance_lag3', 'balance_to_original', 'original_balance', 'current_balance_roll3_avg', 'credit_score_band_enc']",Review,0.7381845758325796
T_0003,2023-04-08,0.1525423675775528,0.13636364042758942,0.0,0.0,Current,None,0.46930571259749726,"['current_balance_lag3', 'balance_to_original', 'original_balance', 'current_balance_roll3_avg', 'credit_score_band_enc']",Monitor,0.8061388574805006
T_0003,2023-05-08,0.1525423675775528,0.13636364042758942,0.0024038462433964014,0.0,Current,None,0.8358657403979882,"['current_balance_lag3', 'balance_to_original', 'original_balance', 'current_balance_roll3_avg', 'credit_score_band_enc']",Review,0.7328268519204024
T_0003,2023-06-07,0.1525423675775528,0.13636364042758942,0.0024038462433964014,0.0,Current,None,0.8161012949798684,"['current_balance_lag3', 'balance_to_original', 'original_balance', 'current_balance_roll3_avg', 'credit_score_band_enc']",Review,0.7367797410040263
T_0004,2023-01-28,0.07692307978868484,0.0717703327536583,0.0024038462433964014,0.0,Current,None,0.792305018060684,"['current_balance_lag3', 'balance_to_original', 'original_balance', 'current_balance_roll3_avg', 'credit_score_band_enc']",Monitor,0.7415389963878632
T_0004,2023-02-27,0.1525423675775528,0.0717703327536583,0.0024038462433964014,0.0,Current,None,0.8920370181666298,"['current_balance_lag3', 'balance_to_original', 'original_balance', 'current_balance_roll3_avg', 'credit_score_band_enc']",Review,0.721592596366674
T_0004,2023-03-29,0.1525423675775528,0.0717703327536583,0.0024038462433964014,0.0,Current,None,0.9108980763661862,"['current_balance_lag3', 'balance_to_original', 'original_balance', 'current_balance_roll3_avg', 'credit_score_band_enc']",Review,0.7178203847267628
T_0004,2023-04-28,0.1525423675775528,0.0717703327536583,0.009345795027911663,0.0,Current,None,0.9505409145496013,"['current_balance_lag3', 'balance_to_original', 'original_balance', 'current_balance_roll3_avg', 'credit_score_band_enc']",Review,0.7098918170900798
T_0004,2023-05-28,0.12844036519527435,0.0717703327536583,0.0024038462433964014,0.0,Current,None,0.9853877792918545,"['current_balance_lag3', 'balance_to_original', 'original_balance', 'current_balance_roll3_avg', 'credit_score_band_enc']",Review,0.7029224441416291
T_0004,2023-06-27,0.1525423675775528,0.09664897620677948,0.009345795027911663,0.0,Current,None,0.9907381015805775,"['current_balance_lag3', 'balance_to_original', 'original_balance', 'current_balance_roll3_avg', 'credit_score_band_enc']",Review,0.7018523796838845
T_0005,2023-01-05,0.1525423675775528,0.13636364042758942,0.0024038462433964014,0.0,Current,None,0.7208196054561941,"['current_balance_lag3', 'balance_to_original', 'original_balance', 'current_balance_roll3_avg', 'credit_score_band_enc']",Monitor,0.7558360789087613
T_0005,2023-02-04,0.12844036519527435,0.13636364042758942,0.0024038462433964014,0.0,Current,None,0.8291227156503822,"['current_balance_lag3', 'balance_to_original', 'original_balance', 'current_balance_roll3_avg', 'credit_score_band_enc']",Review,0.7341754568699236
T_0005,2023-03-06,0.1525423675775528,0.13636364042758942,0.0024038462433964014,0.0,Current,None,0.8444767431462545,"['current_balance_lag3', 'balance_to_original', 'original_balance', 'current_balance_roll3_avg', 'credit_score_band_enc']",Review,0.7311046513707491
T_0005,2023-04-05,0.12844036519527435,0.13636364042758942,0.0024038462433964014,0.0,Current,None,0.2893721884060402,"['current_balance_lag3', 'balance_to_original', 'original_balance', 'current_balance_roll3_avg', 'credit_score_band_enc']",Monitor,0.842125562318792
T_0005,2023-05-05,0.12844036519527435,0.0717703327536583,0.0024038462433964014,0.0,Current,None,0.5832835656644947,"['current_balance_lag3', 'balance_to_original', 'original_balance', 'current_balance_roll3_avg', 'credit_score_band_enc']",Monitor,0.7833432868671011
T_0005,2023-06-04,0.12844036519527435,0.13636364042758942,0.0024038462433964014,0.0,Current,None,0.9170575051973037,"['current_balance_lag3', 'balance_to_original', 'original_balance', 'current_balance_roll3_avg', 'credit_score_band_enc']",Review,0.7165884989605393
T_0006,2023-05-25,0.07692307978868484,0.13636364042758942,0.0024038462433964014,0.0,Current,None,0.6615956170000362,"['current_balance_lag3', 'balance_to_original', 'original_balance', 'current_balance_roll3_avg', 'credit_score_band_enc']",Monitor,0.7676808765999927
T_0006,2023-06-24,0.07692307978868484,0.13636364042758942,0.0024038462433964014,0.0,Current,None,0.7541415705575072,"['current_balance_lag3', 'balance_to_original', 'original_balance', 'current_balance_roll3_avg', 'credit_score_band_enc']",Monitor,0.7491716858884986
T_0006,2023-07-24,0.07692307978868484,0.0717703327536583,0.0024038462433964014,0.0,Current,None,0.8145431106689828,"['current_balance_lag3', 'balance_to_original', 'original_balance', 'current_balance_roll3_avg', 'credit_score_band_enc']",Review,0.7370913778662035
T_0006,2023-08-23,0.12844036519527435,0.13636364042758942,0.0024038462433964014,0.0,Current,None,0.8348841421814291,"['current_balance_lag3', 'balance_to_original', 'original_balance', 'current_balance_roll3_avg', 'credit_score_band_enc']",Review,0.7330231715637142
T_0006,2023-09-22,0.0714285746216774,0.0717703327536583,0.0024038462433964014,0.0,Current,None,0.3915128865038199,"['current_balance_lag3', 'balance_to_original', 'original_balance', 'current_balance_roll3_avg', 'credit_score_band_enc']",Monitor,0.8216974226992361
T_0006,2023-10-22,0.12844036519527435,0.1111111119389534,0.0024038462433964014,0.0,Current,None,0.830977131297657,"['current_balance_lag3', 'balance_to_original', 'original_balance', 'current_balance_roll3_avg', 'credit_score_band_enc']",Review,0.7338045737404686
T_0007,2023-04-11,0.1525423675775528,0.13636364042758942,0.0024038462433964014,0.0,Current,None,0.531317081569457,"['current_balance_lag3', 'balance_to_original', 'original_balance', 'current_balance_roll3_avg', 'credit_score_band_enc']",Monitor,0.7937365836861086
T_0007,2023-05-11,0.12844036519527435,0.09272260963916779,0.0024038462433964014,0.0,Current,None,0.6325688401645786,"['current_balance_lag3', 'balance_to_original', 'original_balance', 'current_balance_roll3_avg', 'credit_score_band_enc']",Monitor,0.7734862319670843
T_0007,2023-06-10,0.12844036519527435,0.13636364042758942,0.0024038462433964014,0.0,Current,None,0.6419180762424442,"['current_balance_lag3', 'balance_to_original', 'original_balance', 'current_balance_roll3_avg', 'credit_score_band_enc']",Monitor,0.7716163847515112
T_0007,2023-07-10,0.1525423675775528,0.13636364042758942,0.0024038462433964014,0.0,Current,None,0.654539462799899,"['current_balance_lag3', 'balance_to_original', 'original_balance', 'current_balance_roll3_avg', 'credit_score_band_enc']",Monitor,0.7690921074400202
T_0007,2023-08-09,0.12844036519527435,0.13636364042758942,0.0024038462433964014,0.0,Current,None,0.7136488023245997,"['current_balance_lag3', 'balance_to_original', 'original_balance', 'current_balance_roll3_avg', 'credit_score_band_enc']",Monitor,0.7572702395350801
T_0007,2023-09-08,0.12844036519527435,0.13636364042758942,0.0024038462433964014,0.0,Current,None,0.7324983635399316,"['current_balance_lag3', 'balance_to_original', 'original_balance', 'current_balance_roll3_avg', 'credit_score_band_enc']",Monitor,0.7535003272920137
T_0008,2023-06-13,0.07692307978868484,0.0717703327536583,0.0024038462433964014,0.0,Current,None,0.6166785443955264,"['current_balance_lag3', 'balance_to_original', 'original_balance', 'current_balance_roll3_avg', 'credit_score_band_enc']",Monitor,0.7766642911208947
T_0008,2023-07-13,0.12844036519527435,0.0717703327536583,0.0024038462433964014,0.0,Current,None,0.7158574657082905,"['current_balance_lag3', 'balance_to_original', 'original_balance', 'current_balance_roll3_avg', 'credit_score_band_enc']",Monitor,0.7568285068583419
T_0008,2023-08-12,0.12844036519527435,0.0717703327536583,0.0024038462433964014,0.0,Current,None,0.7709195564192495,"['current_balance_lag3', 'balance_to_original', 'original_balance', 'current_balance_roll3_avg', 'credit_score_band_enc']",Monitor,0.7458160887161501
T_0008,2023-09-11,0.12844036519527435,0.10474944114685059,0.0024038462433964014,0.0,Current,None,0.8018169573412478,"['current_balance_lag3', 'balance_to_original', 'original_balance', 'current_balance_roll3_avg', 'credit_score_band_enc']",Review,0.7396366085317505
T_0008,2023-10-11,0.12844036519527435,0.13636364042758942,0.009345795027911663,0.0,Current,None,0.8166269982924046,"['current_balance_lag3', 'balance_to_original', 'original_balance', 'current_balance_roll3_avg', 'credit_score_band_enc']",Review,0.7366746003415191
T_0008,2023-11-10,0.12844036519527435,0.13636364042758942,0.0024038462433964014,0.0,Current,None,0.8194228645782419,"['current_balance_lag3', 'balance_to_original', 'original_balance', 'current_balance_roll3_avg', 'credit_score_band_enc']",Review,0.7361154270843516
T_0009,2023-04-28,0.1525423675775528,0.13636364042758942,0.0024038462433964014,0.0,Current,None,0.6964252049312114,"['current_balance_lag3', 'balance_to_original', 'original_balance', 'current_balance_roll3_avg', 'credit_score_band_enc']",Monitor,0.7607149590137577
T_0009,2023-05-28,0.1525423675775528,0.13636364042758942,0.0024038462433964014,0.0,Current,None,0.7827754292553311,"['current_balance_lag3', 'balance_to_original', 'original_balance', 'current_balance_roll3_avg', 'credit_score_band_enc']",Monitor,0.7434449141489338
T_0009,2023-06-27,0.1525423675775528,0.13636364042758942,0.0024038462433964014,0.0,Current,None,0.8492541784394592,"['current_balance_lag3', 'balance_to_original', 'original_balance', 'current_balance_roll3_avg', 'credit_score_band_enc']",Review,0.7301491643121082
T_0009,2023-07-27,0.1525423675775528,0.13636364042758942,0.0024038462433964014,0.0,Current,None,0.8809833844437822,"['current_balance_lag3', 'balance_to_original', 'original_balance', 'current_balance_roll3_avg', 'credit_score_band_enc']",Review,0.7238033231112435
T_0009,2023-08-26,0.1525423675775528,0.13636364042758942,0.0024038462433964014,0.0,Current,None,0.9109941752494184,"['current_balance_lag3', 'balance_to_original', 'original_balance', 'current_balance_roll3_avg', 'credit_score_band_enc']",Review,0.7178011649501164
T_0009,2023-09-25,0.1525423675775528,0.13636364042758942,0.0024038462433964014,0.0,Current,None,0.9069484707125135,"['current_balance_lag3', 'balance_to_original', 'original_balance', 'current_balance_roll3_avg', 'credit_score_band_enc']",Review,0.7186103058574973
T_0010,2023-05-27,0.1525423675775528,0.13636364042758942,0.0024038462433964014,0.0,Current,None,0.6345657866482107,"['current_balance_lag3', 'balance_to_original', 'original_balance', 'current_balance_roll3_avg', 'credit_score_band_enc']",Monitor,0.7730868426703579
T_0010,2023-06-26,0.1525423675775528,0.13636364042758942,0.0024038462433964014,0.0,Current,None,0.71742634412011,"['current_balance_lag3', 'balance_to_original', 'original_balance', 'current_balance_roll3_avg', 'credit_score_band_enc']",Monitor,0.756514731175978
T_0010,2023-07-26,0.1525423675775528,0.13636364042758942,0.0024038462433964014,0.0,Current,None,0.7338244107019964,"['current_balance_lag3', 'balance_to_original', 'original_balance', 'current_balance_roll3_avg', 'credit_score_band_enc']",Monitor,0.7532351178596007
T_0010,2023-08-25,0.1525423675775528,0.13636364042758942,0.0024038462433964014,0.0,Current,None,0.7369367401274589,"['current_balance_lag3', 'balance_to_original', 'original_balance', 'current_balance_roll3_avg', 'credit_score_band_enc']",Monitor,0.7526126519745082
T_0010,2023-09-24,0.1525423675775528,0.13636364042758942,0.0024038462433964014,0.0,Current,None,0.5138414523748253,"['current_balance_lag3', 'balance_to_original', 'original_balance', 'current_balance_roll3_avg', 'credit_score_band_enc']",Monitor,0.797231709525035
T_0010,2023-10-24,0.1525423675775528,0.13636364042758942,0.0024038462433964014,0.0,Current,None,0.7562277577027396,"['current_balance_lag3', 'balance_to_original', 'original_balance', 'current_balance_roll3_avg', 'credit_score_band_enc']",Monitor,0.748754448459452
T_0011,2023-03-05,0.07692307978868484,0.13636364042758942,0.0024038462433964014,0.0,Current,None,0.8191179661245539,"['current_balance_lag3', 'balance_to_original', 'original_balance', 'current_balance_roll3_avg', 'credit_score_band_enc']",Review,0.7361764067750892
T_0011,2023-04-04,0.12844036519527435,0.13636364042758942,0.0024038462433964014,0.0,Current,None,0.9056327520897431,"['current_balance_lag3', 'balance_to_original', 'original_balance', 'current_balance_roll3_avg', 'credit_score_band_enc']",Review,0.7188734495820513
T_0011,2023-05-04,0.12844036519527435,0.13636364042758942,0.0024038462433964014,0.0,Current,None,0.9031822256846312,"['current_balance_lag3', 'balance_to_original', 'original_balance', 'current_balance_roll3_avg', 'credit_score_band_enc']",Review,0.7193635548630738
T_0011,2023-06-03,0.1525423675775528,0.0717703327536583,0.0024038462433964014,0.0,Current,None,0.939258303225675,"['current_balance_lag3', 'balance_to_original', 'original_balance', 'current_balance_roll3_avg', 'credit_score_band_enc']",Review,0.712148339354865
T_0011,2023-07-03,0.12844036519527435,0.12065906077623367,0.0024038462433964014,0.0,Current,None,0.36677063722254494,"['current_balance_lag3', 'balance_to_original', 'original_balance', 'current_balance_roll3_avg', 'credit_score_band_enc']",Monitor,0.826645872555491
T_0011,2023-08-02,0.1525423675775528,0.0717703327536583,0.0024038462433964014,0.0,Current,None,0.9635422265412742,"['current_balance_lag3', 'balance_to_original', 'original_balance', 'current_balance_roll3_avg', 'credit_score_band_enc']",Review,0.7072915546917452
T_0012,2023-04-01,0.1525423675775528,0.13636364042758942,0.0024038462433964014,0.0,Current,None,0.7150819934728547,"['current_balance_lag3', 'balance_to_original', 'original_balance', 'current_balance_roll3_avg', 'credit_score_band_enc']",Monitor,0.7569836013054291
T_0012,2023-05-01,0.1525423675775528,0.0717703327536583,0.0024038462433964014,0.0,Current,None,0.7990619640975232,"['current_balance_lag3', 'balance_to_original', 'original_balance', 'current_balance_roll3_avg', 'credit_score_band_enc']",Monitor,0.7401876071804954
T_0012,2023-05-31,0.1525423675775528,0.13636364042758942,0.0024038462433964014,0.0,Current,None,0.8751745298672677,"['current_balance_lag3', 'balance_to_original', 'original_balance', 'current_balance_roll3_avg', 'credit_score_band_enc']",Review,0.7249650940265464
T_0012,2023-06-30,0.1525423675775528,0.13636364042758942,0.0024038462433964014,0.0,Current,None,0.9059426917665504,"['current_balance_lag3', 'balance_to_original', 'original_balance', 'current_balance_roll3_avg', 'credit_score_band_enc']",Review,0.71881146164669
T_0012,2023-07-30,0.1525423675775528,0.13636364042758942,0.009345795027911663,0.0,Current,None,0.8979360899063367,"['current_balance_lag3', 'balance_to_original', 'original_balance', 'current_balance_roll3_avg', 'credit_score_band_enc']",Review,0.7204127820187327
T_0012,2023-08-29,0.1525423675775528,0.13636364042758942,0.0024038462433964014,0.0,Current,None,0.9155634207045008,"['current_balance_lag3', 'balance_to_original', 'original_balance', 'current_balance_roll3_avg', 'credit_score_band_enc']",Review,0.7168873158590998
T_0013,2023-04-27,0.12844036519527435,0.13636364042758942,0.0024038462433964014,0.0,Current,None,0.5662756959051032,"['current_balance_lag3', 'balance_to_original', 'original_balance', 'current_balance_roll3_avg', 'credit_score_band_enc']",Monitor,0.7867448608189793
T_0013,2023-05-27,0.12844036519527435,0.0717703327536583,0.0024038462433964014,0.0,Current,None,0.6706063419247807,"['current_balance_lag3', 'balance_to_original', 'original_balance', 'current_balance_roll3_avg', 'credit_score_band_enc']",Monitor,0.7658787316150438
T_0013,2023-06-26,0.12844036519527435,0.13636364042758942,0.0024038462433964014,0.0,Current,None,0.6906656671872309,"['current_balance_lag3', 'balance_to_original', 'original_balance', 'current_balance_roll3_avg', 'credit_score_band_enc']",Monitor,0.7618668665625539
T_0013,2023-07-26,0.1525423675775528,0.13636364042758942,0.0024038462433964014,0.0,Current,None,0.7575007135273395,"['current_balance_lag3', 'balance_to_original', 'original_balance', 'current_balance_roll3_avg', 'credit_score_band_enc']",Monitor,0.7484998572945321
T_0013,2023-08-25,0.12844036519527435,0.13636364042758942,0.0024038462433964014,0.0,Current,None,0.7956152910487823,"['current_balance_lag3', 'balance_to_original', 'original_balance', 'current_balance_roll3_avg', 'credit_score_band_enc']",Monitor,0.7408769417902435
T_0013,2023-09-24,0.12844036519527435,0.13636364042758942,0.0024038462433964014,0.0,Current,None,0.8043306237129176,"['current_balance_lag3', 'balance_to_original', 'original_balance', 'current_balance_roll3_avg', 'credit_score_band_enc']",Review,0.7391338752574165
T_0014,2023-04-08,0.1525423675775528,0.13636364042758942,0.0024038462433964014,0.0,Current,None,0.7752725720239523,"['current_balance_lag3', 'balance_to_original', 'original_balance', 'current_balance_roll3_avg', 'credit_score_band_enc']",Monitor,0.7449454855952096
T_0014,2023-05-08,0.12844036519527435,0.1111111119389534,0.0024038462433964014,0.0,Current,None,0.875107028603064,"['current_balance_lag3', 'balance_to_original', 'original_balance', 'current_balance_roll3_avg', 'credit_score_band_enc']",Review,0.7249785942793872
T_0014,2023-06-07,0.12844036519527435,0.1111111119389534,0.0024038462433964014,0.0,Current,None,0.8905961652351967,"['current_balance_lag3', 'balance_to_original', 'original_balance', 'current_balance_roll3_avg', 'credit_score_band_enc']",Review,0.7218807669529607
T_0014,2023-07-07,0.07692307978868484,0.13636364042758942,0.009345795027911663,0.0,Current,None,0.5718829516518269,"['current_balance_lag3', 'balance_to_original', 'original_balance', 'current_balance_roll3_avg', 'credit_score_band_enc']",Monitor,0.7856234096696346
T_0014,2023-08-06,0.0416666679084301,0.0717703327536583,0.0024038462433964014,0.0,Current,None,0.928714972177699,"['current_balance_lag3', 'balance_to_original', 'original_balance', 'current_balance_roll3_avg', 'credit_score_band_enc']",Review,0.7142570055644601
T_0014,2023-09-05,0.019999999552965164,0.0717703327536583,0.009345795027911663,0.0,Current,None,0.9290946630165672,"['current_balance_lag3', 'balance_to_original', 'original_balance', 'current_balance_roll3_avg', 'credit_score_band_enc']",Review,0.7141810673966866
T_0015,2023-01-11,0.07692307978868484,0.13636364042758942,0.0024038462433964014,0.0,Current,None,0.7334194436339742,"['current_balance_lag3', 'balance_to_original', 'original_balance', 'current_balance_roll3_avg', 'credit_score_band_enc']",Monitor,0.7533161112732052
T_0015,2023-02-10,0.07692307978868484,0.13636364042758942,0.0024038462433964014,0.0,Current,None,0.8176540406773292,"['current_balance_lag3', 'balance_to_original', 'original_balance', 'current_balance_roll3_avg', 'credit_score_band_enc']",Review,0.7364691918645342
T_0015,2023-03-12,0.07692307978868484,0.13636364042758942,0.0024038462433964014,0.0,Current,None,0.8996262933997705,"['current_balance_lag3', 'balance_to_original', 'original_balance', 'current_balance_roll3_avg', 'credit_score_band_enc']",Review,0.7200747413200459
T_0015,2023-04-11,0.12844036519527435,0.0717703327536583,0.0024038462433964014,0.0,Current,None,0.9078144358460287,"['current_balance_lag3', 'balance_to_original', 'original_balance', 'current_balance_roll3_avg', 'credit_score_band_enc']",Review,0.7184371128307943
T_0015,2023-05-11,0.1525423675775528,0.07554229348897934,0.0024038462433964014,0.0,Current,None,0.9105667136212504,"['current_balance_lag3', 'balance_to_original', 'original_balance', 'current_balance_roll3_avg', 'credit_score_band_enc']",Review,0.71788665727575
T_0015,2023-06-10,0.12844036519527435,0.0717703327536583,0.0024038462433964014,0.0,Current,None,0.89570773066243,"['current_balance_lag3', 'balance_to_original', 'original_balance', 'current_balance_roll3_avg', 'credit_score_band_enc']",Review,0.720858453867514
T_0016,2023-02-23,0.1525423675775528,0.13636364042758942,0.0024038462433964014,0.0,Current,None,0.7658655776061453,"['current_balance_lag3', 'balance_to_original', 'original_balance', 'current_balance_roll3_avg', 'credit_score_band_enc']",Monitor,0.746826884478771
T_0016,2023-03-25,0.1525423675775528,0.08699426800012589,0.0024038462433964014,0.0,Current,None,0.8495937016012566,"['current_balance_lag3', 'balance_to_original', 'original_balance', 'current_balance_roll3_avg', 'credit_score_band_enc']",Review,0.7300812596797487
T_0016,2023-04-24,0.1525423675775528,0.13636364042758942,0.0024038462433964014,0.0,Current,None,0.8912509694893496,"['current_balance_lag3', 'balance_to_original', 'original_balance', 'current_balance_roll3_avg', 'credit_score_band_enc']",Review,0.7217498061021301
T_0016,2023-05-24,0.1525423675775528,0.1111111119389534,0.0024038462433964014,0.0,Current,None,0.9004469953489538,"['current_balance_lag3', 'balance_to_original', 'original_balance', 'current_balance_roll3_avg', 'credit_score_band_enc']",Review,0.7199106009302092
T_0016,2023-06-23,0.1525423675775528,0.13636364042758942,0.0024038462433964014,0.0,Current,None,0.9170037941849463,"['current_balance_lag3', 'balance_to_original', 'original_balance', 'current_balance_roll3_avg', 'credit_score_band_enc']",Review,0.7165992411630108
T_0016,2023-07-23,0.1525423675775528,0.13636364042758942,0.0024038462433964014,0.0,Current,None,0.9290150717220477,"['current_balance_lag3', 'balance_to_original', 'original_balance', 'current_balance_roll3_avg', 'credit_score_band_enc']",Review,0.7141969856555905
T_0017,2023-06-22,0.1525423675775528,0.13636364042758942,0.0024038462433964014,0.0,Current,None,0.6900358580831144,"['current_balance_lag3', 'balance_to_original', 'original_balance', 'current_balance_roll3_avg', 'credit_score_band_enc']",Monitor,0.7619928283833771
T_0017,2023-07-22,0.1525423675775528,0.13636364042758942,0.0024038462433964014,0.0,Current,None,0.8052237185199812,"['current_balance_lag3', 'balance_to_original', 'original_balance', 'current_balance_roll3_avg', 'credit_score_band_enc']",Review,0.7389552562960038
T_0017,2023-08-21,0.12844036519527435,0.13636364042758942,0.0024038462433964014,0.0,Current,None,0.8153639252753271,"['current_balance_lag3', 'balance_to_original', 'original_balance', 'current_balance_roll3_avg', 'credit_score_band_enc']",Review,0.7369272149449346
T_0017,2023-09-20,0.1525423675775528,0.1111111119389534,0.0024038462433964014,0.0,Current,None,0.855586478138902,"['current_balance_lag3', 'balance_to_original', 'original_balance', 'current_balance_roll3_avg', 'credit_score_band_enc']",Review,0.7288827043722196
T_0017,2023-10-20,0.1525423675775528,0.13636364042758942,0.0024038462433964014,0.0,Current,None,0.8745386159929525,"['current_balance_lag3', 'balance_to_original', 'original_balance', 'current_balance_roll3_avg', 'credit_score_band_enc']",Review,0.7250922768014095
T_0017,2023-11-19,0.1525423675775528,0.13636364042758942,0.0024038462433964014,0.0,Current,None,0.5811122241579781,"['current_balance_lag3', 'balance_to_original', 'original_balance', 'current_balance_roll3_avg', 'credit_score_band_enc']",Monitor,0.7837775551684044
T_0018,2023-02-16,0.019999999552965164,0.0717703327536583,0.0024038462433964014,0.0,Current,None,0.4651593944724125,"['current_balance_lag3', 'balance_to_original', 'original_balance', 'current_balance_roll3_avg', 'credit_score_band_enc']",Monitor,0.8069681211055175
T_0018,2023-03-18,0.019999999552965164,0.0717703327536583,0.0024038462433964014,0.0,Current,None,0.5248756687727284,"['current_balance_lag3', 'balance_to_original', 'original_balance', 'current_balance_roll3_avg', 'credit_score_band_enc']",Monitor,0.7950248662454543
T_0018,2023-04-17,0.019999999552965164,0.0717703327536583,0.0024038462433964014,0.0,Current,None,0.5459726671126351,"['current_balance_lag3', 'balance_to_original', 'original_balance', 'current_balance_roll3_avg', 'credit_score_band_enc']",Monitor,0.790805466577473
T_0018,2023-05-17,0.019999999552965164,0.0717703327536583,0.0024038462433964014,0.0,Current,None,0.5928080544286527,"['current_balance_lag3', 'balance_to_original', 'original_balance', 'current_balance_roll3_avg', 'credit_score_band_enc']",Monitor,0.7814383891142694
T_0018,2023-06-16,0.019999999552965164,0.0717703327536583,0.0024038462433964014,0.0,Current,None,0.6105334315563631,"['current_balance_lag3', 'balance_to_original', 'original_balance', 'current_balance_roll3_avg', 'credit_score_band_enc']",Monitor,0.7778933136887274
T_0018,2023-07-16,0.019999999552965164,0.0717703327536583,0.0024038462433964014,0.0,Current,None,0.6118990899127233,"['current_balance_lag3', 'balance_to_original', 'original_balance', 'current_balance_roll3_avg', 'credit_score_band_enc']",Monitor,0.7776201820174553
T_0019,2023-05-20,0.07692307978868484,0.0717703327536583,0.0024038462433964014,0.0,Current,None,0.6807098590860243,"['current_balance_lag3', 'balance_to_original', 'original_balance', 'current_balance_roll3_avg', 'credit_score_band_enc']",Monitor,0.7638580281827951
T_0019,2023-06-19,0.07692307978868484,0.0717703327536583,0.0024038462433964014,0.0,Current,None,0.7922150584939525,"['current_balance_lag3', 'balance_to_original', 'original_balance', 'current_balance_roll3_avg', 'credit_score_band_enc']",Monitor,0.7415569883012095
T_0019,2023-07-19,0.07692307978868484,0.1111111119389534,0.0024038462433964014,0.0,Current,None,0.8279286873061721,"['current_balance_lag3', 'balance_to_original', 'original_balance', 'current_balance_roll3_avg', 'credit_score_band_enc']",Review,0.7344142625387656
T_0019,2023-08-18,0.12844036519527435,0.0717703327536583,0.0,0.0,Current,None,0.8623245564278318,"['current_balance_lag3', 'balance_to_original', 'original_balance', 'current_balance_roll3_avg', 'credit_score_band_enc']",Review,0.7275350887144336
T_0019,2023-09-17,0.07692307978868484,0.0717703327536583,0.0024038462433964014,0.0,Current,None,0.8868682198701494,"['current_balance_lag3', 'balance_to_original', 'original_balance', 'current_balance_roll3_avg', 'credit_score_band_enc']",Review,0.7226263560259701
T_0019,2023-10-17,0.07692307978868484,0.0717703327536583,0.0024038462433964014,0.0,Current,None,0.9014840626255157,"['current_balance_lag3', 'balance_to_original', 'original_balance', 'current_balance_roll3_avg', 'credit_score_band_enc']",Review,0.7197031874748969
T_0020,2023-05-29,0.12844036519527435,0.13636364042758942,0.0024038462433964014,0.0,Current,None,0.69211351470356,"['current_balance_lag3', 'balance_to_original', 'original_balance', 'current_balance_roll3_avg', 'credit_score_band_enc']",Monitor,0.761577297059288
T_0020,2023-06-28,0.1525423675775528,0.13636364042758942,0.0024038462433964014,0.0,Current,None,0.787403168948677,"['current_balance_lag3', 'balance_to_original', 'original_balance', 'current_balance_roll3_avg', 'credit_score_band_enc']",Monitor,0.7425193662102646
T_0020,2023-07-28,0.1525423675775528,0.13636364042758942,0.0024038462433964014,0.0,Current,None,0.8785308581678116,"['current_balance_lag3', 'balance_to_original', 'original_balance', 'current_balance_roll3_avg', 'credit_score_band_enc']",Review,0.7242938283664377
T_0020,2023-08-27,0.1525423675775528,0.1111111119389534,0.0024038462433964014,0.0,Current,None,0.9092783804428795,"['current_balance_lag3', 'balance_to_original', 'original_balance', 'current_balance_roll3_avg', 'credit_score_band_enc']",Review,0.7181443239114241
T_0020,2023-09-26,0.1525423675775528,0.0717703327536583,0.009345795027911663,0.0,Current,None,0.9165215410431119,"['current_balance_lag3', 'balance_to_original', 'original_balance', 'current_balance_roll3_avg', 'credit_score_band_enc']",Review,0.7166956917913776
T_0020,2023-10-26,0.1525423675775528,0.09692066162824631,0.0024038462433964014,0.0,Current,None,0.8987664357832658,"['current_balance_lag3', 'balance_to_original', 'original_balance', 'current_balance_roll3_avg', 'credit_score_band_enc']",Review,0.7202467128433468
T_0021,2023-05-19,0.06666667014360428,0.1111111119389534,0.0024038462433964014,0.0,Current,None,0.6519258001551733,"['current_balance_lag3', 'balance_to_original', 'original_balance', 'current_balance_roll3_avg', 'credit_score_band_enc']",Monitor,0.7696148399689653
T_0021,2023-06-18,0.07692307978868484,0.13636364042758942,0.0024038462433964014,0.0,Current,None,0.7407006948052897,"['current_balance_lag3', 'balance_to_original', 'original_balance', 'current_balance_roll3_avg', 'credit_score_band_enc']",Monitor,0.7518598610389421
T_0021,2023-07-18,0.06666667014360428,0.13636364042758942,0.0024038462433964014,0.0,Current,None,0.7830829074053903,"['current_balance_lag3', 'balance_to_original', 'original_balance', 'current_balance_roll3_avg', 'credit_score_band_enc']",Monitor,0.743383418518922
T_0021,2023-08-17,0.1525423675775528,0.0717703327536583,0.0024038462433964014,0.0,Current,None,0.8036629250506675,"['current_balance_lag3', 'balance_to_original', 'original_balance', 'current_balance_roll3_avg', 'credit_score_band_enc']",Review,0.7392674149898665
T_0021,2023-09-16,0.07692307978868484,0.13636364042758942,0.0024038462433964014,0.0,Current,None,0.8194826530869954,"['current_balance_lag3', 'balance_to_original', 'original_balance', 'current_balance_roll3_avg', 'credit_score_band_enc']",Review,0.736103469382601
T_0021,2023-10-16,0.07692307978868484,0.13636364042758942,0.009345795027911663,0.0,Current,None,0.7976635182755085,"['current_balance_lag3', 'balance_to_original', 'original_balance', 'current_balance_roll3_avg', 'credit_score_band_enc']",Monitor,0.7404672963448983
T_0022,2023-01-05,0.12844036519527435,0.13636364042758942,0.0024038462433964014,0.0,Current,None,0.6734499398116504,"['current_balance_lag3', 'balance_to_original', 'original_balance', 'current_balance_roll3_avg', 'credit_score_band_enc']",Monitor,0.7653100120376699
T_0022,2023-02-04,0.1525423675775528,0.13636364042758942,0.0024038462433964014,0.0,Current,None,0.7741449499328084,"['current_balance_lag3', 'balance_to_original', 'original_balance', 'current_balance_roll3_avg', 'credit_score_band_enc']",Monitor,0.7451710100134383
T_0022,2023-03-06,0.1525423675775528,0.1111111119389534,0.0024038462433964014,0.0,Current,None,0.8288481439709803,"['current_balance_lag3', 'balance_to_original', 'original_balance', 'current_balance_roll3_avg', 'credit_score_band_enc']",Review,0.7342303712058039
T_0022,2023-04-05,0.1525423675775528,0.1111111119389534,0.0024038462433964014,0.0,Current,None,0.8576107241662189,"['current_balance_lag3', 'balance_to_original', 'original_balance', 'current_balance_roll3_avg', 'credit_score_band_enc']",Review,0.7284778551667562
T_0022,2023-05-05,0.07692307978868484,0.09359592199325562,0.0024038462433964014,0.0,Current,None,0.3088665825175412,"['current_balance_lag3', 'balance_to_original', 'original_balance', 'current_balance_roll3_avg', 'credit_score_band_enc']",Monitor,0.8382266834964918
T_0022,2023-06-04,0.1525423675775528,0.0717703327536583,0.0024038462433964014,0.0,Current,None,0.8738660747422261,"['current_balance_lag3', 'balance_to_original', 'original_balance', 'current_balance_roll3_avg', 'credit_score_band_enc']",Review,0.7252267850515548
T_0023,2023-01-20,0.07692307978868484,0.13636364042758942,0.0024038462433964014,0.0,Current,None,0.6081337903745142,"['current_balance_lag3', 'balance_to_original', 'original_balance', 'current_balance_roll3_avg', 'credit_score_band_enc']",Monitor,0.7783732419250972
T_0023,2023-02-19,0.07692307978868484,0.0717703327536583,0.0024038462433964014,0.0,Current,None,0.6716357728080761,"['current_balance_lag3', 'balance_to_original', 'original_balance', 'current_balance_roll3_avg', 'credit_score_band_enc']",Monitor,0.7656728454383848
T_0023,2023-03-21,0.12844036519527435,0.13636364042758942,0.0024038462433964014,0.0,Current,None,0.7523251989669041,"['current_balance_lag3', 'balance_to_original', 'original_balance', 'current_balance_roll3_avg', 'credit_score_band_enc']",Monitor,0.7495349602066192
T_0023,2023-04-20,0.1525423675775528,0.13636364042758942,0.0024038462433964014,0.0,Current,None,0.7576525827126394,"['current_balance_lag3', 'balance_to_original', 'original_balance', 'current_balance_roll3_avg', 'credit_score_band_enc']",Monitor,0.7484694834574721
T_0023,2023-05-20,0.1525423675775528,0.13636364042758942,0.0024038462433964014,0.0,Current,None,0.7918915772338937,"['current_balance_lag3', 'balance_to_original', 'original_balance', 'current_balance_roll3_avg', 'credit_score_band_enc']",Monitor,0.7416216845532213
T_0023,2023-06-19,0.1525423675775528,0.13636364042758942,0.0024038462433964014,0.0,Current,None,0.4997133075867235,"['current_balance_lag3', 'balance_to_original', 'original_balance', 'current_balance_roll3_avg', 'credit_score_band_enc']",Monitor,0.8000573384826553
T_0024,2023-06-18,0.12844036519527435,0.13636364042758942,0.0024038462433964014,0.0,Current,None,0.4717744208406456,"['current_balance_lag3', 'balance_to_original', 'original_balance', 'current_balance_roll3_avg', 'credit_score_band_enc']",Monitor,0.8056451158318709
T_0024,2023-07-18,0.1525423675775528,0.13636364042758942,0.0024038462433964014,0.0,Current,None,0.5569230737333639,"['current_balance_lag3', 'balance_to_original', 'original_balance', 'current_balance_roll3_avg', 'credit_score_band_enc']",Monitor,0.7886153852533272
T_0024,2023-08-17,0.1525423675775528,0.13636364042758942,0.0024038462433964014,0.0,Current,None,0.6144119440585233,"['current_balance_lag3', 'balance_to_original', 'original_balance', 'current_balance_roll3_avg', 'credit_score_band_enc']",Monitor,0.7771176111882954
T_0024,2023-09-16,0.019999999552965164,0.13636364042758942,0.009345795027911663,0.0,Current,None,0.0,"['current_balance_lag3', 'balance_to_original', 'original_balance', 'current_balance_roll3_avg', 'credit_score_band_enc']",Monitor,0.9
T_0024,2023-10-16,0.0416666679084301,0.0717703327536583,0.0024038462433964014,0.0,Current,None,0.3787457922970762,"['current_balance_lag3', 'balance_to_original', 'original_balance', 'current_balance_roll3_avg', 'credit_score_band_enc']",Monitor,0.8242508415405848
T_0024,2023-11-15,0.019999999552965164,0.13636364042758942,0.009345795027911663,0.0,Current,None,0.6603246631806339,"['current_balance_lag3', 'balance_to_original', 'original_balance', 'current_balance_roll3_avg', 'credit_score_band_enc']",Monitor,0.7679350673638732
T_0025,2023-02-15,0.12844036519527435,0.13636364042758942,0.0024038462433964014,0.0,Current,None,0.706971701713895,"['current_balance_lag3', 'balance_to_original', 'original_balance', 'current_balance_roll3_avg', 'credit_score_band_enc']",Monitor,0.758605659657221
T_0025,2023-03-17,0.12844036519527435,0.13636364042758942,0.0024038462433964014,0.0,Current,None,0.8289425855029072,"['current_balance_lag3', 'balance_to_original', 'original_balance', 'current_balance_roll3_avg', 'credit_score_band_enc']",Review,0.7342114828994186
T_0025,2023-04-16,0.12844036519527435,0.13636364042758942,0.0024038462433964014,0.0,Current,None,0.8468466742225245,"['current_balance_lag3', 'balance_to_original', 'original_balance', 'current_balance_roll3_avg', 'credit_score_band_enc']",Review,0.7306306651554951
T_0025,2023-05-16,0.1525423675775528,0.0717703327536583,0.0024038462433964014,0.0,Current,None,0.8781659761332263,"['current_balance_lag3', 'balance_to_original', 'original_balance', 'current_balance_roll3_avg', 'credit_score_band_enc']",Review,0.7243668047733547
T_0025,2023-06-15,0.07692307978868484,0.0956496000289917,0.0024038462433964014,0.0,Current,None,0.2987977897742166,"['current_balance_lag3', 'balance_to_original', 'original_balance', 'current_balance_roll3_avg', 'credit_score_band_enc']",Monitor,0.8402404420451567
T_0025,2023-07-15,0.1525423675775528,0.0717703327536583,0.0024038462433964014,0.0,Current,None,0.9196084090641062,"['current_balance_lag3', 'balance_to_original', 'original_balance', 'current_balance_roll3_avg', 'credit_score_band_enc']",Review,0.7160783181871788
T_0026,2023-01-12,0.07692307978868484,0.13636364042758942,0.0024038462433964014,0.0,Current,None,0.7448065098974654,"['current_balance_lag3', 'balance_to_original', 'original_balance', 'current_balance_roll3_avg', 'credit_score_band_enc']",Monitor,0.7510386980205069
T_0026,2023-02-11,0.12844036519527435,0.0717703327536583,0.0024038462433964014,0.0,Current,None,0.8414615462416435,"['current_balance_lag3', 'balance_to_original', 'original_balance', 'current_balance_roll3_avg', 'credit_score_band_enc']",Review,0.7317076907516713
T_0026,2023-03-13,0.12844036519527435,0.13636364042758942,0.0024038462433964014,0.0,Current,None,0.9197354027719534,"['current_balance_lag3', 'balance_to_original', 'original_balance', 'current_balance_roll3_avg', 'credit_score_band_enc']",Review,0.7160529194456093
T_0026,2023-04-12,0.1525423675775528,0.13636364042758942,0.0024038462433964014,0.0,Current,None,0.9318849057138247,"['current_balance_lag3', 'balance_to_original', 'original_balance', 'current_balance_roll3_avg', 'credit_score_band_enc']",Review,0.7136230188572351
T_0026,2023-05-12,0.1525423675775528,0.13636364042758942,0.0024038462433964014,0.0,Current,None,0.9327728245598964,"['current_balance_lag3', 'balance_to_original', 'original_balance', 'current_balance_roll3_avg', 'credit_score_band_enc']",Review,0.7134454350880207
T_0026,2023-06-11,0.12844036519527435,0.13636364042758942,0.0024038462433964014,0.0,Current,None,0.9232824413538181,"['current_balance_lag3', 'balance_to_original', 'original_balance', 'current_balance_roll3_avg', 'credit_score_band_enc']",Review,0.7153435117292364
T_0027,2023-03-11,0.12844036519527435,0.0717703327536583,0.0024038462433964014,0.0,Current,None,0.7631622048080631,"['current_balance_lag3', 'balance_to_original', 'original_balance', 'current_balance_roll3_avg', 'credit_score_band_enc']",Monitor,0.7473675590383874
T_0027,2023-04-10,0.07692307978868484,0.0717703327536583,0.0024038462433964014,0.0,Current,None,0.8757078325822781,"['current_balance_lag3', 'balance_to_original', 'original_balance', 'current_balance_roll3_avg', 'credit_score_band_enc']",Review,0.7248584334835444
T_0027,2023-05-10,0.07692307978868484,0.0717703327536583,0.0024038462433964014,0.0,Current,None,0.901878706521178,"['current_balance_lag3', 'balance_to_original', 'original_balance', 'current_balance_roll3_avg', 'credit_score_band_enc']",Review,0.7196242586957644
T_0027,2023-06-09,0.12844036519527435,0.0717703327536583,0.009345795027911663,0.0,Current,None,0.9380408405614628,"['current_balance_lag3', 'balance_to_original', 'original_balance', 'current_balance_roll3_avg', 'credit_score_band_enc']",Review,0.7123918318877075
T_0027,2023-07-09,0.12844036519527435,0.0717703327536583,0.009345795027911663,0.0,Current,None,0.9631345196869939,"['current_balance_lag3', 'balance_to_original', 'original_balance', 'current_balance_roll3_avg', 'credit_score_band_enc']",Review,0.7073730960626012
T_0027,2023-08-08,0.12844036519527435,0.0717703327536583,0.009345795027911663,0.0,Current,None,0.9731947813676839,"['current_balance_lag3', 'balance_to_original', 'original_balance', 'current_balance_roll3_avg', 'credit_score_band_enc']",Review,0.7053610437264632
T_0028,2023-01-17,0.07692307978868484,0.0717703327536583,0.0024038462433964014,0.0,Current,None,0.7079068451638629,"['current_balance_lag3', 'balance_to_original', 'original_balance', 'current_balance_roll3_avg', 'credit_score_band_enc']",Monitor,0.7584186309672274
T_0028,2023-02-16,0.07692307978868484,0.13636364042758942,0.0024038462433964014,0.0,Current,None,0.8083694929911981,"['current_balance_lag3', 'balance_to_original', 'original_balance', 'current_balance_roll3_avg', 'credit_score_band_enc']",Review,0.7383261014017604
T_0028,2023-03-18,0.07692307978868484,0.13636364042758942,0.0024038462433964014,0.0,Current,None,0.8285928451937493,"['current_balance_lag3', 'balance_to_original', 'original_balance', 'current_balance_roll3_avg', 'credit_score_band_enc']",Review,0.7342814309612502
T_0028,2023-04-17,0.07692307978868484,0.13636364042758942,0.0024038462433964014,0.0,Current,None,0.8572760215878132,"['current_balance_lag3', 'balance_to_original', 'original_balance', 'current_balance_roll3_avg', 'credit_score_band_enc']",Review,0.7285447956824374
T_0028,2023-05-17,0.07692307978868484,0.13636364042758942,0.0024038462433964014,0.0,Current,None,0.8813156312219496,"['current_balance_lag3', 'balance_to_original', 'original_balance', 'current_balance_roll3_avg', 'credit_score_band_enc']",Review,0.7237368737556101
T_0028,2023-06-16,0.07692307978868484,0.1111111119389534,0.0024038462433964014,0.0,Current,None,0.9050387116548813,"['current_balance_lag3', 'balance_to_original', 'original_balance', 'current_balance_roll3_avg', 'credit_score_band_enc']",Review,0.7189922576690237
T_0029,2023-04-25,0.12844036519527435,0.13636364042758942,0.0024038462433964014,0.0,Current,None,0.7880061524562465,"['current_balance_lag3', 'balance_to_original', 'original_balance', 'current_balance_roll3_avg', 'credit_score_band_enc']",Monitor,0.7423987695087507
T_0029,2023-05-25,0.1525423675775528,0.0717703327536583,0.0024038462433964014,0.0,Current,None,0.8882400560051519,"['current_balance_lag3', 'balance_to_original', 'original_balance', 'current_balance_roll3_avg', 'credit_score_band_enc']",Review,0.7223519887989697
T_0029,2023-06-24,0.1525423675775528,0.0717703327536583,0.0024038462433964014,0.0,Current,None,0.9254769900076838,"['current_balance_lag3', 'balance_to_original', 'original_balance', 'current_balance_roll3_avg', 'credit_score_band_enc']",Review,0.7149046019984633
T_0029,2023-07-24,0.1525423675775528,0.0717703327536583,0.009345795027911663,0.0,Current,None,0.6564667614251387,"['current_balance_lag3', 'balance_to_original', 'original_balance', 'current_balance_roll3_avg', 'credit_score_band_enc']",Monitor,0.7687066477149722
T_0029,2023-08-23,0.1525423675775528,0.13636364042758942,0.009345795027911663,0.0,Current,None,0.9999999960039099,"['current_balance_lag3', 'balance_to_original', 'original_balance', 'current_balance_roll3_avg', 'credit_score_band_enc']",Review,0.700000000799218
T_0029,2023-09-22,0.1525423675775528,0.13636364042758942,0.009345795027911663,0.0,Current,None,0.9925677014177915,"['current_balance_lag3', 'balance_to_original', 'original_balance', 'current_balance_roll3_avg', 'credit_score_band_enc']",Review,0.7014864597164417
T_0030,2023-05-27,0.07692307978868484,0.13636364042758942,0.0024038462433964014,0.0,Current,None,0.5466923179918315,"['current_balance_lag3', 'balance_to_original', 'original_balance', 'current_balance_roll3_avg', 'credit_score_band_enc']",Monitor,0.7906615364016337
T_0030,2023-06-26,0.12844036519527435,0.0717703327536583,0.0024038462433964014,0.0,Current,None,0.6435341716937325,"['current_balance_lag3', 'balance_to_original', 'original_balance', 'current_balance_roll3_avg', 'credit_score_band_enc']",Monitor,0.7712931656612535
T_0030,2023-07-26,0.12844036519527435,0.0717703327536583,0.0024038462433964014,0.0,Current,None,0.6860421249893988,"['current_balance_lag3', 'balance_to_original', 'original_balance', 'current_balance_roll3_avg', 'credit_score_band_enc']",Monitor,0.7627915750021202
T_0030,2023-08-25,0.1525423675775528,0.0717703327536583,0.0024038462433964014,0.0,Current,None,0.7036030594392506,"['current_balance_lag3', 'balance_to_original', 'original_balance', 'current_balance_roll3_avg', 'credit_score_band_enc']",Monitor,0.7592793881121499
T_0030,2023-09-24,0.12844036519527435,0.0717703327536583,0.009345795027911663,0.0,Current,None,0.7424387639509783,"['current_balance_lag3', 'balance_to_original', 'original_balance', 'current_balance_roll3_avg', 'credit_score_band_enc']",Monitor,0.7515122472098044
T_0030,2023-10-24,0.12844036519527435,0.13636364042758942,0.0024038462433964014,0.0,Current,None,0.7329083399681976,"['current_balance_lag3', 'balance_to_original', 'original_balance', 'current_balance_roll3_avg', 'credit_score_band_enc']",Monitor,0.7534183320063605
T_0031,2023-06-03,0.1525423675775528,0.13636364042758942,0.0024038462433964014,0.0,Current,None,0.5208619138550521,"['current_balance_lag3', 'balance_to_original', 'original_balance', 'current_balance_roll3_avg', 'credit_score_band_enc']",Monitor,0.7958276172289895
T_0031,2023-07-03,0.1525423675775528,0.0717703327536583,0.0024038462433964014,0.0,Current,None,0.6156638031971917,"['current_balance_lag3', 'balance_to_original', 'original_balance', 'current_balance_roll3_avg', 'credit_score_band_enc']",Monitor,0.7768672393605617
T_0031,2023-08-02,0.1525423675775528,0.0717703327536583,0.0024038462433964014,0.0,Current,None,0.6654974623576703,"['current_balance_lag3', 'balance_to_original', 'original_balance', 'current_balance_roll3_avg', 'credit_score_band_enc']",Monitor,0.766900507528466
T_0031,2023-09-01,0.12844036519527435,0.0717703327536583,0.0024038462433964014,0.0,Current,None,0.6711651700818818,"['current_balance_lag3', 'balance_to_original', 'original_balance', 'current_balance_roll3_avg', 'credit_score_band_enc']",Monitor,0.7657669659836237
T_0031,2023-10-01,0.1525423675775528,0.0717703327536583,0.0024038462433964014,0.0,Current,None,0.6969692926228918,"['current_balance_lag3', 'balance_to_original', 'original_balance', 'current_balance_roll3_avg', 'credit_score_band_enc']",Monitor,0.7606061414754217
T_0031,2023-10-31,0.1525423675775528,0.0717703327536583,0.0024038462433964014,0.0,Current,None,0.6902564653304099,"['current_balance_lag3', 'balance_to_original', 'original_balance', 'current_balance_roll3_avg', 'credit_score_band_enc']",Monitor,0.761948706933918
T_0032,2023-02-17,0.1525423675775528,0.13636364042758942,0.0024038462433964014,0.0,Current,None,0.7402983541269202,"['current_balance_lag3', 'balance_to_original', 'original_balance', 'current_balance_roll3_avg', 'credit_score_band_enc']",Monitor,0.751940329174616
T_0032,2023-03-19,0.07692307978868484,0.0717703327536583,0.0024038462433964014,0.0,Current,None,0.847642220711081,"['current_balance_lag3', 'balance_to_original', 'original_balance', 'current_balance_roll3_avg', 'credit_score_band_enc']",Review,0.7304715558577838
T_0032,2023-04-18,0.07692307978868484,0.0717703327536583,0.0024038462433964014,0.0,Current,None,0.8678826090470332,"['current_balance_lag3', 'balance_to_original', 'original_balance', 'current_balance_roll3_avg', 'credit_score_band_enc']",Review,0.7264234781905934
T_0032,2023-05-18,0.07692307978868484,0.0717703327536583,0.0024038462433964014,0.0,Current,None,0.8919420587498433,"['current_balance_lag3', 'balance_to_original', 'original_balance', 'current_balance_roll3_avg', 'credit_score_band_enc']",Review,0.7216115882500314
T_0032,2023-06-17,0.07692307978868484,0.0717703327536583,0.0024038462433964014,0.0,Current,None,0.9192928341777508,"['current_balance_lag3', 'balance_to_original', 'original_balance', 'current_balance_roll3_avg', 'credit_score_band_enc']",Review,0.7161414331644499
T_0032,2023-07-17,0.07670935988426208,0.0717703327536583,0.0024038462433964014,0.0,Current,None,0.9278585406688414,"['current_balance_lag3', 'balance_to_original', 'original_balance', 'current_balance_roll3_avg', 'credit_score_band_enc']",Review,0.7144282918662317
T_0033,2023-04-18,0.12844036519527435,0.13636364042758942,0.0024038462433964014,0.0,Current,None,0.43598911196530127,"['current_balance_lag3', 'balance_to_original', 'original_balance', 'current_balance_roll3_avg', 'credit_score_band_enc']",Monitor,0.8128021776069397
T_0033,2023-05-18,0.0,0.0717703327536583,0.0024038462433964014,0.0,Current,None,0.5332445390350714,"['current_balance_lag3', 'balance_to_original', 'original_balance', 'current_balance_roll3_avg', 'credit_score_band_enc']",Monitor,0.7933510921929857
T_0033,2023-06-17,0.0,0.13636364042758942,0.0024038462433964014,0.0,Current,None,0.5409068328004237,"['current_balance_lag3', 'balance_to_original', 'original_balance', 'current_balance_roll3_avg', 'credit_score_band_enc']",Monitor,0.7918186334399153
T_0033,2023-07-17,0.019999999552965164,0.13636364042758942,0.0024038462433964014,0.0,Current,None,0.5964032482447387,"['current_balance_lag3', 'balance_to_original', 'original_balance', 'current_balance_roll3_avg', 'credit_score_band_enc']",Monitor,0.7807193503510523
T_0033,2023-08-16,0.0,0.13636364042758942,0.0024038462433964014,0.0,Current,None,0.6506890810518008,"['current_balance_lag3', 'balance_to_original', 'original_balance', 'current_balance_roll3_avg', 'credit_score_band_enc']",Monitor,0.7698621837896399
T_0033,2023-09-15,0.019999999552965164,0.13636364042758942,0.009345795027911663,0.0,Current,None,0.6347980746376112,"['current_balance_lag3', 'balance_to_original', 'original_balance', 'current_balance_roll3_avg', 'credit_score_band_enc']",Monitor,0.7730403850724777
T_0034,2023-02-21,0.07692307978868484,0.13636364042758942,0.0024038462433964014,0.0,Current,None,0.7060643177125612,"['current_balance_lag3', 'balance_to_original', 'original_balance', 'current_balance_roll3_avg', 'credit_score_band_enc']",Monitor,0.7587871364574877
T_0034,2023-03-23,0.07692307978868484,0.0717703327536583,0.0024038462433964014,0.0,Current,None,0.7916158449078273,"['current_balance_lag3', 'balance_to_original', 'original_balance', 'current_balance_roll3_avg', 'credit_score_band_enc']",Monitor,0.7416768310184345
T_0034,2023-04-22,0.07692307978868484,0.0717703327536583,0.0024038462433964014,0.0,Current,None,0.8656226447750933,"['current_balance_lag3', 'balance_to_original', 'original_balance', 'current_balance_roll3_avg', 'credit_score_band_enc']",Review,0.7268754710449814
T_0034,2023-05-22,0.12844036519527435,0.13636364042758942,0.0024038462433964014,0.0,Current,None,0.8820033909491735,"['current_balance_lag3', 'balance_to_original', 'original_balance', 'current_balance_roll3_avg', 'credit_score_band_enc']",Review,0.7235993218101653
T_0034,2023-06-21,0.12844036519527435,0.13636364042758942,0.0024038462433964014,0.0,Current,None,0.8892170496505525,"['current_balance_lag3', 'balance_to_original', 'original_balance', 'current_balance_roll3_avg', 'credit_score_band_enc']",Review,0.7221565900698895
T_0034,2023-07-21,0.12844036519527435,0.13636364042758942,0.0024038462433964014,0.0,Current,None,0.8852767764453394,"['current_balance_lag3', 'balance_to_original', 'original_balance', 'current_balance_roll3_avg', 'credit_score_band_enc']",Review,0.7229446447109321
T_0035,2023-04-06,0.07692307978868484,0.13636364042758942,0.0024038462433964014,0.0,Current,None,0.7654561766962059,"['current_balance_lag3', 'balance_to_original', 'original_balance', 'current_balance_roll3_avg', 'credit_score_band_enc']",Monitor,0.7469087646607588
T_0035,2023-05-06,0.12844036519527435,0.13636364042758942,0.0024038462433964014,0.0,Current,None,0.8571923149875128,"['current_balance_lag3', 'balance_to_original', 'original_balance', 'current_balance_roll3_avg', 'credit_score_band_enc']",Review,0.7285615370024975
T_0035,2023-06-05,0.07692307978868484,0.13636364042758942,0.0024038462433964014,0.0,Current,None,0.9040342472857925,"['current_balance_lag3', 'balance_to_original', 'original_balance', 'current_balance_roll3_avg', 'credit_score_band_enc']",Review,0.7191931505428415
T_0035,2023-07-05,0.1525423675775528,0.0717703327536583,0.0024038462433964014,0.0,Current,None,0.958143367514611,"['current_balance_lag3', 'balance_to_original', 'original_balance', 'current_balance_roll3_avg', 'credit_score_band_enc']",Review,0.7083713264970778
T_0035,2023-08-04,0.12844036519527435,0.0717703327536583,0.0,0.0,Current,None,0.9862264737800821,"['current_balance_lag3', 'balance_to_original', 'original_balance', 'current_balance_roll3_avg', 'credit_score_band_enc']",Review,0.7027547052439835
T_0035,2023-09-03,0.1525423675775528,0.1111111119389534,0.0024038462433964014,0.0,Current,None,0.9734686927854933,"['current_balance_lag3', 'balance_to_original', 'original_balance', 'current_balance_roll3_avg', 'credit_score_band_enc']",Review,0.7053062614429013
T_0036,2023-03-11,0.07692307978868484,0.1111111119389534,0.0024038462433964014,0.0,Current,None,0.5292279338615883,"['current_balance_lag3', 'balance_to_original', 'original_balance', 'current_balance_roll3_avg', 'credit_score_band_enc']",Monitor,0.7941544132276823
T_0036,2023-04-10,0.07692307978868484,0.13636364042758942,0.0024038462433964014,0.0,Current,None,0.6328372725194206,"['current_balance_lag3', 'balance_to_original', 'original_balance', 'current_balance_roll3_avg', 'credit_score_band_enc']",Monitor,0.773432545496116
T_0036,2023-05-10,0.07692307978868484,0.13636364042758942,0.0024038462433964014,0.0,Current,None,0.6452106926359517,"['current_balance_lag3', 'balance_to_original', 'original_balance', 'current_balance_roll3_avg', 'credit_score_band_enc']",Monitor,0.7709578614728096
T_0036,2023-06-09,0.12844036519527435,0.13636364042758942,0.0024038462433964014,0.0,Current,None,0.7026568711291679,"['current_balance_lag3', 'balance_to_original', 'original_balance', 'current_balance_roll3_avg', 'credit_score_band_enc']",Monitor,0.7594686257741664
T_0036,2023-07-09,0.06666667014360428,0.13636364042758942,0.0024038462433964014,0.0,Current,None,0.727787882275825,"['current_balance_lag3', 'balance_to_original', 'original_balance', 'current_balance_roll3_avg', 'credit_score_band_enc']",Monitor,0.754442423544835
T_0036,2023-08-08,0.07692307978868484,0.13636364042758942,0.0024038462433964014,0.0,Current,None,0.76012083773364,"['current_balance_lag3', 'balance_to_original', 'original_balance', 'current_balance_roll3_avg', 'credit_score_band_enc']",Monitor,0.747975832453272
T_0037,2023-04-12,0.12844036519527435,0.13636364042758942,0.0024038462433964014,0.0,Current,None,0.6902661074153623,"['current_balance_lag3', 'balance_to_original', 'original_balance', 'current_balance_roll3_avg', 'credit_score_band_enc']",Monitor,0.7619467785169276
T_0037,2023-05-12,0.1525423675775528,0.09734581410884857,0.0024038462433964014,0.0,Current,None,0.7880674637124147,"['current_balance_lag3', 'balance_to_original', 'original_balance', 'current_balance_roll3_avg', 'credit_score_band_enc']",Monitor,0.7423865072575171
T_0037,2023-06-11,0.1525423675775528,0.0717703327536583,0.0024038462433964014,0.0,Current,None,0.8665192460798022,"['current_balance_lag3', 'balance_to_original', 'original_balance', 'current_balance_roll3_avg', 'credit_score_band_enc']",Review,0.7266961507840396
T_0037,2023-07-11,0.1525423675775528,0.13636364042758942,0.0024038462433964014,0.0,Current,None,0.8880610884528255,"['current_balance_lag3', 'balance_to_original', 'original_balance', 'current_balance_roll3_avg', 'credit_score_band_enc']",Review,0.7223877823094349
T_0037,2023-08-10,0.1525423675775528,0.13636364042758942,0.009345795027911663,0.0,Current,None,0.9081634441993964,"['current_balance_lag3', 'balance_to_original', 'original_balance', 'current_balance_roll3_avg', 'credit_score_band_enc']",Review,0.7183673111601208
T_0037,2023-09-09,0.1525423675775528,0.13636364042758942,0.0024038462433964014,0.0,Current,None,0.8904706367334694,"['current_balance_lag3', 'balance_to_original', 'original_balance', 'current_balance_roll3_avg', 'credit_score_band_enc']",Review,0.7219058726533061
T_0038,2023-03-16,0.07692307978868484,0.0717703327536583,0.0024038462433964014,0.0,Current,None,0.6770021697437338,"['current_balance_lag3', 'balance_to_original', 'original_balance', 'current_balance_roll3_avg', 'credit_score_band_enc']",Monitor,0.7645995660512532
T_0038,2023-04-15,0.07692307978868484,0.0717703327536583,0.0024038462433964014,0.0,Current,None,0.7823934485578575,"['current_balance_lag3', 'balance_to_original', 'original_balance', 'current_balance_roll3_avg', 'credit_score_band_enc']",Monitor,0.7435213102884285
T_0038,2023-05-15,0.07692307978868484,0.0717703327536583,0.0024038462433964014,0.0,Current,None,0.8325798888020447,"['current_balance_lag3', 'balance_to_original', 'original_balance', 'current_balance_roll3_avg', 'credit_score_band_enc']",Review,0.7334840222395911
T_0038,2023-06-14,0.07692307978868484,0.0717703327536583,0.0024038462433964014,0.0,Current,None,0.8622264179311789,"['current_balance_lag3', 'balance_to_original', 'original_balance', 'current_balance_roll3_avg', 'credit_score_band_enc']",Review,0.7275547164137642
T_0038,2023-07-14,0.12844036519527435,0.0717703327536583,0.0024038462433964014,0.0,Current,None,0.899415404261572,"['current_balance_lag3', 'balance_to_original', 'original_balance', 'current_balance_roll3_avg', 'credit_score_band_enc']",Review,0.7201169191476856
T_0038,2023-08-13,0.12844036519527435,0.0717703327536583,0.0024038462433964014,0.0,Current,None,0.8964898490557445,"['current_balance_lag3', 'balance_to_original', 'original_balance', 'current_balance_roll3_avg', 'credit_score_band_enc']",Review,0.7207020301888512
T_0039,2023-06-10,0.12844036519527435,0.0717703327536583,0.0024038462433964014,0.0,Current,None,0.4201718688514211,"['current_balance_lag3', 'balance_to_original', 'original_balance', 'current_balance_roll3_avg', 'credit_score_band_enc']",Monitor,0.8159656262297158
T_0039,2023-07-10,0.12844036519527435,0.0717703327536583,0.0024038462433964014,0.0,Current,None,0.5075364973550778,"['current_balance_lag3', 'balance_to_original', 'original_balance', 'current_balance_roll3_avg', 'credit_score_band_enc']",Monitor,0.7984927005289845
T_0039,2023-08-09,0.1525423675775528,0.0717703327536583,0.0024038462433964014,0.0,Current,None,0.5736941455956618,"['current_balance_lag3', 'balance_to_original', 'original_balance', 'current_balance_roll3_avg', 'credit_score_band_enc']",Monitor,0.7852611708808677
T_0039,2023-09-08,0.07692307978868484,0.0717703327536583,0.0024038462433964014,0.0,Current,None,0.5465666256689671,"['current_balance_lag3', 'balance_to_original', 'original_balance', 'current_balance_roll3_avg', 'credit_score_band_enc']",Monitor,0.7906866748662066
T_0039,2023-10-08,0.12844036519527435,0.0717703327536583,0.0024038462433964014,0.0,Current,None,0.5499514343076894,"['current_balance_lag3', 'balance_to_original', 'original_balance', 'current_balance_roll3_avg', 'credit_score_band_enc']",Monitor,0.7900097131384621
T_0039,2023-11-07,0.07692307978868484,0.0717703327536583,0.009345795027911663,0.0,Current,None,0.5960506002589444,"['current_balance_lag3', 'balance_to_original', 'original_balance', 'current_balance_roll3_avg', 'credit_score_band_enc']",Monitor,0.7807898799482111
T_0040,2023-05-31,0.0714285746216774,0.0717703327536583,0.0024038462433964014,0.0,Current,None,0.6625707085264868,"['current_balance_lag3', 'balance_to_original', 'original_balance', 'current_balance_roll3_avg', 'credit_score_band_enc']",Monitor,0.7674858582947026
T_0040,2023-06-30,0.019999999552965164,0.0717703327536583,0.0024038462433964014,0.0,Current,None,0.7675291707924993,"['current_balance_lag3', 'balance_to_original', 'original_balance', 'current_balance_roll3_avg', 'credit_score_band_enc']",Monitor,0.7464941658415002
T_0040,2023-07-30,0.019999999552965164,0.0717703327536583,0.0024038462433964014,0.0,Current,None,0.7870105658361187,"['current_balance_lag3', 'balance_to_original', 'original_balance', 'current_balance_roll3_avg', 'credit_score_band_enc']",Monitor,0.7425978868327763
T_0040,2023-08-29,0.07692307978868484,0.0717703327536583,0.0024038462433964014,0.0,Current,None,0.8088968309720306,"['current_balance_lag3', 'balance_to_original', 'original_balance', 'current_balance_roll3_avg', 'credit_score_band_enc']",Review,0.7382206338055939
T_0040,2023-09-28,0.07692307978868484,0.0717703327536583,0.009345795027911663,0.0,Current,None,0.8417623135216875,"['current_balance_lag3', 'balance_to_original', 'original_balance', 'current_balance_roll3_avg', 'credit_score_band_enc']",Review,0.7316475372956626
T_0040,2023-10-28,0.019999999552965164,0.0717703327536583,0.0024038462433964014,0.0,Current,None,0.0831729502506892,"['current_balance_lag3', 'balance_to_original', 'original_balance', 'current_balance_roll3_avg', 'credit_score_band_enc']",Monitor,0.8833654099498622
T_0041,2023-05-23,0.1525423675775528,0.13636364042758942,0.0024038462433964014,0.0,Current,None,0.7578168156244863,"['current_balance_lag3', 'balance_to_original', 'original_balance', 'current_balance_roll3_avg', 'credit_score_band_enc']",Monitor,0.7484366368751028
T_0041,2023-06-22,1.0,0.0717703327536583,0.0024038462433964014,0.0,Current,None,0.8582271250344377,"['current_balance_lag3', 'balance_to_original', 'original_balance', 'current_balance_roll3_avg', 'credit_score_band_enc']",Review,0.7283545749931125
T_0041,2023-07-22,1.0,0.13636364042758942,0.0024038462433964014,0.0,Current,None,0.9184086241980544,"['current_balance_lag3', 'balance_to_original', 'original_balance', 'current_balance_roll3_avg', 'credit_score_band_enc']",Review,0.7163182751603892
T_0041,2023-08-21,1.0,0.13636364042758942,0.0024038462433964014,0.0,Current,None,0.9595233395902059,"['current_balance_lag3', 'balance_to_original', 'original_balance', 'current_balance_roll3_avg', 'credit_score_band_enc']",Review,0.7080953320819589
T_0041,2023-09-20,0.1525423675775528,0.1111111119389534,0.0024038462433964014,0.0,Current,None,0.5064561053218511,"['current_balance_lag3', 'balance_to_original', 'original_balance', 'current_balance_roll3_avg', 'credit_score_band_enc']",Monitor,0.7987087789356297
T_0041,2023-10-20,0.1525423675775528,0.0717703327536583,0.009345795027911663,0.0,Current,None,0.9657962355396996,"['current_balance_lag3', 'balance_to_original', 'original_balance', 'current_balance_roll3_avg', 'credit_score_band_enc']",Review,0.70684075289206
T_0042,2023-06-04,0.1525423675775528,0.13636364042758942,0.0024038462433964014,0.0,Current,None,0.77493534300317,"['current_balance_lag3', 'balance_to_original', 'original_balance', 'current_balance_roll3_avg', 'credit_score_band_enc']",Monitor,0.745012931399366
T_0042,2023-07-04,0.1525423675775528,0.0717703327536583,0.0024038462433964014,0.0,Current,None,0.8540446712231773,"['current_balance_lag3', 'balance_to_original', 'original_balance', 'current_balance_roll3_avg', 'credit_score_band_enc']",Review,0.7291910657553645
T_0042,2023-08-03,0.1525423675775528,0.0717703327536583,0.0024038462433964014,0.0,Current,None,0.8956032829538664,"['current_balance_lag3', 'balance_to_original', 'original_balance', 'current_balance_roll3_avg', 'credit_score_band_enc']",Review,0.7208793434092268
T_0042,2023-09-02,0.1525423675775528,0.13636364042758942,0.0,0.0,Current,None,0.907647384362559,"['current_balance_lag3', 'balance_to_original', 'original_balance', 'current_balance_roll3_avg', 'credit_score_band_enc']",Review,0.7184705231274882
T_0042,2023-10-02,0.1525423675775528,0.13636364042758942,0.0024038462433964014,0.0,Current,None,0.9212951176984754,"['current_balance_lag3', 'balance_to_original', 'original_balance', 'current_balance_roll3_avg', 'credit_score_band_enc']",Review,0.7157409764603049
T_0042,2023-11-01,0.1525423675775528,0.13636364042758942,0.0024038462433964014,0.0,Current,None,0.9202778205246027,"['current_balance_lag3', 'balance_to_original', 'original_balance', 'current_balance_roll3_avg', 'credit_score_band_enc']",Review,0.7159444358950795
T_0043,2023-06-28,0.1525423675775528,0.13636364042758942,0.0024038462433964014,0.0,Current,None,0.6570645191682243,"['current_balance_lag3', 'balance_to_original', 'original_balance', 'current_balance_roll3_avg', 'credit_score_band_enc']",Monitor,0.7685870961663551
T_0043,2023-07-28,0.1525423675775528,0.0717703327536583,0.0024038462433964014,0.0,Current,None,0.7489689368669225,"['current_balance_lag3', 'balance_to_original', 'original_balance', 'current_balance_roll3_avg', 'credit_score_band_enc']",Monitor,0.7502062126266156
T_0043,2023-08-27,0.1525423675775528,0.13636364042758942,0.0024038462433964014,0.0,Current,None,0.8143700274595714,"['current_balance_lag3', 'balance_to_original', 'original_balance', 'current_balance_roll3_avg', 'credit_score_band_enc']",Review,0.7371259945080857
T_0043,2023-09-26,0.1525423675775528,0.1111111119389534,0.0024038462433964014,0.0,Current,None,0.33456310609304474,"['current_balance_lag3', 'balance_to_original', 'original_balance', 'current_balance_roll3_avg', 'credit_score_band_enc']",Monitor,0.833087378781391
T_0043,2023-10-26,0.1525423675775528,0.0717703327536583,0.0024038462433964014,0.0,Current,None,0.8465263990207164,"['current_balance_lag3', 'balance_to_original', 'original_balance', 'current_balance_roll3_avg', 'credit_score_band_enc']",Review,0.7306947201958567
T_0043,2023-11-25,0.1525423675775528,0.13636364042758942,0.0024038462433964014,0.0,Current,None,0.8626925802872266,"['current_balance_lag3', 'balance_to_original', 'original_balance', 'current_balance_roll3_avg', 'credit_score_band_enc']",Review,0.7274614839425547
T_0044,2023-03-23,0.1525423675775528,0.13636364042758942,0.0024038462433964014,0.0,Current,None,0.6976228199573402,"['current_balance_lag3', 'balance_to_original', 'original_balance', 'current_balance_roll3_avg', 'credit_score_band_enc']",Monitor,0.760475436008532
T_0044,2023-04-22,0.1525423675775528,0.0717703327536583,0.0024038462433964014,0.0,Current,None,0.796730051853455,"['current_balance_lag3', 'balance_to_original', 'original_balance', 'current_balance_roll3_avg', 'credit_score_band_enc']",Monitor,0.740653989629309
T_0044,2023-05-22,0.1525423675775528,0.13636364042758942,0.0024038462433964014,0.0,Current,None,0.8622234261242365,"['current_balance_lag3', 'balance_to_original', 'original_balance', 'current_balance_roll3_avg', 'credit_score_band_enc']",Review,0.7275553147751527
T_0044,2023-06-21,0.1525423675775528,0.13636364042758942,0.0024038462433964014,0.0,Current,None,0.8936165418169824,"['current_balance_lag3', 'balance_to_original', 'original_balance', 'current_balance_roll3_avg', 'credit_score_band_enc']",Review,0.7212766916366036
T_0044,2023-07-21,0.1525423675775528,0.13636364042758942,0.0024038462433964014,0.0,Current,None,0.9276223466307006,"['current_balance_lag3', 'balance_to_original', 'original_balance', 'current_balance_roll3_avg', 'credit_score_band_enc']",Review,0.7144755306738599
T_0044,2023-08-20,0.12844036519527435,0.13636364042758942,0.0024038462433964014,0.0,Current,None,0.3288662082260598,"['current_balance_lag3', 'balance_to_original', 'original_balance', 'current_balance_roll3_avg', 'credit_score_band_enc']",Monitor,0.8342267583547881
T_0045,2023-04-02,0.12844036519527435,0.13636364042758942,0.0024038462433964014,0.0,Current,None,0.7250193553107983,"['current_balance_lag3', 'balance_to_original', 'original_balance', 'current_balance_roll3_avg', 'credit_score_band_enc']",Monitor,0.7549961289378404
T_0045,2023-05-02,0.1525423675775528,0.13636364042758942,0.0024038462433964014,0.0,Current,None,0.82644921838476,"['current_balance_lag3', 'balance_to_original', 'original_balance', 'current_balance_roll3_avg', 'credit_score_band_enc']",Review,0.734710156323048
T_0045,2023-06-01,0.1525423675775528,0.13636364042758942,0.0024038462433964014,0.0,Current,None,0.879586756481252,"['current_balance_lag3', 'balance_to_original', 'original_balance', 'current_balance_roll3_avg', 'credit_score_band_enc']",Review,0.7240826487037496
T_0045,2023-07-01,0.1525423675775528,0.13636364042758942,0.0024038462433964014,0.0,Current,None,0.9001357979307731,"['current_balance_lag3', 'balance_to_original', 'original_balance', 'current_balance_roll3_avg', 'credit_score_band_enc']",Review,0.7199728404138453
T_0045,2023-07-31,0.12844036519527435,0.13636364042758942,0.0024038462433964014,0.0,Current,None,0.9060527024515763,"['current_balance_lag3', 'balance_to_original', 'original_balance', 'current_balance_roll3_avg', 'credit_score_band_enc']",Review,0.7187894595096848
T_0045,2023-08-30,0.12844036519527435,0.1111111119389534,0.0024038462433964014,0.0,Current,None,0.9042556725068762,"['current_balance_lag3', 'balance_to_original', 'original_balance', 'current_balance_roll3_avg', 'credit_score_band_enc']",Review,0.7191488654986248
T_0046,2023-06-28,0.1525423675775528,0.1111111119389534,0.0024038462433964014,0.0,Current,None,0.6840414983923654,"['current_balance_lag3', 'balance_to_original', 'original_balance', 'current_balance_roll3_avg', 'credit_score_band_enc']",Monitor,0.763191700321527
T_0046,2023-07-28,0.12844036519527435,0.0717703327536583,0.0024038462433964014,0.0,Current,None,0.813148232125547,"['current_balance_lag3', 'balance_to_original', 'original_balance', 'current_balance_roll3_avg', 'credit_score_band_enc']",Review,0.7373703535748906
T_0046,2023-08-27,0.12844036519527435,0.13636364042758942,0.0024038462433964014,0.0,Current,None,0.8390307044473408,"['current_balance_lag3', 'balance_to_original', 'original_balance', 'current_balance_roll3_avg', 'credit_score_band_enc']",Review,0.7321938591105318
T_0046,2023-09-26,0.12844036519527435,0.13636364042758942,0.0024038462433964014,0.0,Current,None,0.8769240376721923,"['current_balance_lag3', 'balance_to_original', 'original_balance', 'current_balance_roll3_avg', 'credit_score_band_enc']",Review,0.7246151924655615
T_0046,2023-10-26,0.1525423675775528,0.13371963798999786,0.0024038462433964014,0.0,Current,None,0.8972653321469587,"['current_balance_lag3', 'balance_to_original', 'original_balance', 'current_balance_roll3_avg', 'credit_score_band_enc']",Review,0.7205469335706083
T_0046,2023-11-25,0.1525423675775528,0.0717703327536583,0.009345795027911663,0.0,Current,None,0.9182294615823207,"['current_balance_lag3', 'balance_to_original', 'original_balance', 'current_balance_roll3_avg', 'credit_score_band_enc']",Review,0.7163541076835359
T_0047,2023-06-24,0.1525423675775528,0.13636364042758942,0.0024038462433964014,0.0,Current,None,0.598408077870502,"['current_balance_lag3', 'balance_to_original', 'original_balance', 'current_balance_roll3_avg', 'credit_score_band_enc']",Monitor,0.7803183844258996
T_0047,2023-07-24,0.1525423675775528,0.13636364042758942,0.0024038462433964014,0.0,Current,None,0.696380928125706,"['current_balance_lag3', 'balance_to_original', 'original_balance', 'current_balance_roll3_avg', 'credit_score_band_enc']",Monitor,0.7607238143748588
T_0047,2023-08-23,0.1525423675775528,0.13636364042758942,0.0024038462433964014,0.0,Current,None,0.7768183000655976,"['current_balance_lag3', 'balance_to_original', 'original_balance', 'current_balance_roll3_avg', 'credit_score_band_enc']",Monitor,0.7446363399868805
T_0047,2023-09-22,0.1525423675775528,0.13636364042758942,0.0024038462433964014,0.0,Current,None,0.7945344962781431,"['current_balance_lag3', 'balance_to_original', 'original_balance', 'current_balance_roll3_avg', 'credit_score_band_enc']",Monitor,0.7410931007443714
T_0047,2023-10-22,0.1525423675775528,0.13636364042758942,0.0024038462433964014,0.0,Current,None,0.8065925212948962,"['current_balance_lag3', 'balance_to_original', 'original_balance', 'current_balance_roll3_avg', 'credit_score_band_enc']",Review,0.7386814957410208
T_0047,2023-11-21,0.1525423675775528,0.13636364042758942,0.0024038462433964014,0.0,Current,None,0.7819769344859365,"['current_balance_lag3', 'balance_to_original', 'original_balance', 'current_balance_roll3_avg', 'credit_score_band_enc']",Monitor,0.7436046131028127
T_0048,2023-01-04,0.1525423675775528,0.13636364042758942,0.0024038462433964014,0.0,Current,None,0.7756234794956307,"['current_balance_lag3', 'balance_to_original', 'original_balance', 'current_balance_roll3_avg', 'credit_score_band_enc']",Monitor,0.7448753041008739
T_0048,2023-02-03,0.1525423675775528,0.0717703327536583,0.0024038462433964014,0.0,Current,None,0.8555602287286997,"['current_balance_lag3', 'balance_to_original', 'original_balance', 'current_balance_roll3_avg', 'credit_score_band_enc']",Review,0.7288879542542601
T_0048,2023-03-05,0.1525423675775528,0.13636364042758942,0.0024038462433964014,0.0,Current,None,0.8961645691680986,"['current_balance_lag3', 'balance_to_original', 'original_balance', 'current_balance_roll3_avg', 'credit_score_band_enc']",Review,0.7207670861663803
T_0048,2023-04-04,0.1525423675775528,0.13636364042758942,0.0024038462433964014,0.0,Current,None,0.9368535514709719,"['current_balance_lag3', 'balance_to_original', 'original_balance', 'current_balance_roll3_avg', 'credit_score_band_enc']",Review,0.7126292897058056
T_0048,2023-05-04,0.1525423675775528,0.13636364042758942,0.0024038462433964014,0.0,Current,None,0.9629537430347974,"['current_balance_lag3', 'balance_to_original', 'original_balance', 'current_balance_roll3_avg', 'credit_score_band_enc']",Review,0.7074092513930406
T_0048,2023-06-03,0.1525423675775528,0.13636364042758942,0.0024038462433964014,0.0,Current,None,0.961339129939979,"['current_balance_lag3', 'balance_to_original', 'original_balance', 'current_balance_roll3_avg', 'credit_score_band_enc']",Review,0.7077321740120042
T_0049,2023-05-15,0.1525423675775528,0.13636364042758942,0.0024038462433964014,0.0,Current,None,0.7038767123711651,"['current_balance_lag3', 'balance_to_original', 'original_balance', 'current_balance_roll3_avg', 'credit_score_band_enc']",Monitor,0.759224657525767
T_0049,2023-06-14,0.1525423675775528,0.10250023752450943,0.0024038462433964014,0.0,Current,None,0.8027335641377352,"['current_balance_lag3', 'balance_to_original', 'original_balance', 'current_balance_roll3_avg', 'credit_score_band_enc']",Review,0.739453287172453
T_0049,2023-07-14,0.12844036519527435,0.13636364042758942,0.0024038462433964014,0.0,Current,None,0.8292222696609249,"['current_balance_lag3', 'balance_to_original', 'original_balance', 'current_balance_roll3_avg', 'credit_score_band_enc']",Review,0.7341555460678151
T_0049,2023-08-13,0.07692307978868484,0.1111111119389534,0.0024038462433964014,0.0,Current,None,0.4294623163332037,"['current_balance_lag3', 'balance_to_original', 'original_balance', 'current_balance_roll3_avg', 'credit_score_band_enc']",Monitor,0.8141075367333592
T_0049,2023-09-12,0.12844036519527435,0.0717703327536583,0.0024038462433964014,0.0,Current,None,0.905858495690433,"['current_balance_lag3', 'balance_to_original', 'original_balance', 'current_balance_roll3_avg', 'credit_score_band_enc']",Review,0.7188283008619134
T_0049,2023-10-12,0.12844036519527435,0.0717703327536583,0.0024038462433964014,0.0,Current,None,0.9210831794024709,"['current_balance_lag3', 'balance_to_original', 'original_balance', 'current_balance_roll3_avg', 'credit_score_band_enc']",Review,0.7157833641195058
